Feature,Q1,Q3,IQR,Lower Bound,Upper Bound,Outlier Count
Gender,0.0,1.0,1.0,-1.5,2.5,0
AGE,43.0,55.0,12.0,25.0,73.0,1
Urea,3.5,6.15,2.6500000000000004,-0.47500000000000053,10.125,17
Cr,47.0,82.0,35.0,-5.5,134.5,20
HbA1c,5.0,8.2,3.1999999999999993,0.20000000000000107,12.999999999999998,2
Chol,3.8,5.2,1.4000000000000004,1.6999999999999993,7.300000000000001,6
TG,1.3,2.5,1.2,-0.4999999999999998,4.3,15
HDL,0.9,1.4,0.4999999999999999,0.15000000000000024,2.1499999999999995,11
LDL,1.7,3.2,1.5000000000000002,-0.5500000000000005,5.450000000000001,2
VLDL,0.6499999999999999,1.3,0.6500000000000001,-0.3250000000000003,2.2750000000000004,12
BMI,23.0,30.0,7.0,12.5,40.5,1
