Gender,AGE,Urea,Cr,HbA1c,Chol,TG,HDL,LDL,VLDL,BMI,Class
0.9401747557920129,-1.6303259017364116,-0.15183286166496673,-0.13441895014536417,-0.43357710725328547,0.23301175035409613,-0.893974925449192,1.3046749461607194,0.09590855233174325,-0.9716032813912735,-0.3060281783413109,1
-1.063632046956621,-0.42928278762625915,-0.5043448903981536,-0.36608381521502953,-1.1754791857124576,-0.20300704465046446,-1.0838377430332682,-0.18712281561625907,1.6638856597020362,-1.1628423600979514,-0.9099934988191122,0
0.9401747557920129,0.9719341788355853,0.024423152701626864,-0.9948884489755497,-0.5984442357997679,0.3202155093550087,-0.7990435166571541,-0.6843887362085855,0.8798971060168894,-0.7803642026845957,-0.7086717253265118,0
0.9401747557920129,-0.22910893527456708,-0.2399608688482635,-0.43227377666350536,-1.0518288393025956,0.058604232352271746,-1.178769151825306,-0.6843887362085855,1.6638856597020362,2.422890365652259,-0.5073499518339113,0
0.9401747557920129,0.07115184325297103,-0.15183286166496673,-0.20060891159383998,-0.3923603251166646,0.6690305453586567,-0.704112107865116,-0.4357557759124224,1.1738928136488196,-0.7803642026845957,-0.3060281783413109,1
0.9401747557920129,1.1721080311872774,-0.944984926314637,-0.9617934682513118,0.8853599211185763,-0.5518220806541129,-1.2737005606173442,-0.9330216965047486,0.2919056907530296,-1.3540814388046292,0.7005806891216911,2
0.9401747557920129,-0.6294566399779512,-1.1212409406812305,-0.03513400797265045,-1.1754791857124576,-0.639025839655025,-1.0838377430332682,2.4235232674934526,1.1738928136488196,-0.015407887857884262,-1.1113152723117126,0
0.9401747557920129,-0.9297174185054893,-0.06370485448166993,-0.1675139308696021,-1.1754791857124576,0.23301175035409613,0.4350647976393401,-0.18712281561625907,0.19390712154238662,0.17583119084879376,-0.7086717253265118,0
0.9401747557920129,-0.9297174185054893,-0.19589686525661493,-0.928698487527074,-0.5160106715265269,2.4131057253768997,-0.704112107865116,-0.6843887362085855,0.8798971060168894,0.5583093482621494,-0.9099934988191122,0
-1.063632046956621,-1.9305866802639495,-0.944984926314637,-0.8625085260785982,-1.134262403575837,0.3202155093550087,-0.704112107865116,0.06151014467990376,0.6838999675956031,-0.9716032813912735,-0.9099934988191122,0
-1.063632046956621,0.07115184325297103,0.37693518143481364,-0.2337038923180779,-0.7633113643462508,-0.11580328564955188,0.6249276152234163,0.3101431049760671,0.5859013983849597,0.17583119084879376,-1.1113152723117126,0
0.9401747557920129,-0.028935082922875006,-0.15183286166496673,-0.7301286031816465,-0.43357710725328547,0.23301175035409613,-0.893974925449192,1.3046749461607194,0.09590855233174325,-0.9716032813912735,-0.5073499518339113,1
0.9401747557920129,-1.5302389755605654,-0.5484088939898019,0.4281957221666803,-0.351143542980044,1.4538643763668662,1.7641045207278723,-0.9330216965047486,-0.59008143214276,1.5145047417955386,-0.7086717253265118,1
-1.063632046956621,0.4714995479563551,1.5225992748176709,0.22962583782125282,0.8441431389819558,0.058604232352271746,0.5299962064313782,-0.6843887362085855,-1.1780728474066195,-0.015407887857884262,1.9085113300772936,2
0.9401747557920129,1.0720211050114312,2.139495325100748,2.1987771909134084,0.10224106052278328,0.058604232352271746,-0.41931788148900195,-0.9330216965047486,-0.6880800013534032,1.3232656630888606,-0.10470640484871052,2
-1.063632046956621,-0.028935082922875006,-0.8127929155396921,-0.7963185646301223,-0.351143542980044,0.9306418223613929,-0.13452365511288805,-1.0573381766528303,-1.129073562801298,-0.3978860452712399,-0.7086717253265118,1
-1.063632046956621,0.07115184325297103,0.24474317065986864,-0.49846373811198114,-0.351143542980044,0.7562343043595693,-0.324386472696964,0.55877606527223,0.7818985368062461,-0.5891251239779179,-0.3060281783413109,1
0.9401747557920129,-1.8304997540881036,-0.6806009047647469,-0.03513400797265045,-1.2991295321223195,-0.20300704465046446,0.055339162471188134,-0.4357557759124224,-0.10008858608954352,2.422890365652259,-0.7086717253265118,0
0.9401747557920129,0.4714995479563551,0.7294472101680004,0.163435876372777,0.26710818906926614,0.49462302735683233,-0.03959224632084996,0.3101431049760671,-1.0800742781959765,0.940787505675505,2.5124766505550946,2
-1.063632046956621,-1.9305866802639495,-0.9009209227229887,-0.46536875738774325,0.18467462479602473,1.19225309936413,-0.22945506390492595,1.0560419858645567,0.9778956752275328,-0.3978860452712399,-1.1113152723117126,2
-1.063632046956621,-1.7304128279122575,-0.6806009047647469,-1.325838256217929,-1.1754791857124576,-0.639025839655025,-0.03959224632084996,2.4235232674934526,1.2718913828594625,-0.015407887857884262,-0.5073499518339113,0
-1.063632046956621,0.6716734003080472,1.4785352712260227,0.7922405101332972,-0.47479388938990597,0.23301175035409613,-0.324386472696964,0.3101431049760671,0.2919056907530296,-0.5891251239779179,1.707189556584693,2
0.9401747557920129,0.4714995479563551,-0.5043448903981536,0.6598605872363457,-0.47479388938990597,-0.11580328564955188,0.8147904328074921,-1.430287617097075,-0.0020900168789001333,0.5583093482621494,0.2979371421364903,1
0.9401747557920129,-0.8296304923296433,-0.5924728975814503,-0.6639386417331707,-1.0518288393025956,-1.1622483936604975,2.143830155896024,0.3101431049760671,-0.6880800013534032,0.17583119084879376,-1.1113152723117126,0
-1.063632046956621,0.4714995479563551,1.566663278409319,1.7188999704119587,0.51440888188899,-0.46461832165320066,-0.22945506390492595,1.3046749461607194,-0.6880800013534032,0.940787505675505,0.9019024626142915,2
-1.063632046956621,-2.4310213111431795,2.139495325100748,-1.0941733911482636,-1.1754791857124576,-0.20300704465046446,1.3843788855597203,-0.9330216965047486,-1.1780728474066195,-0.3978860452712399,-0.9099934988191122,0
0.9401747557920129,-1.0298043446813354,-0.06370485448166993,1.2555702402726279,-0.18627641443356116,-0.7262295986559368,-0.03959224632084996,-0.9330216965047486,-0.39408429372147324,-0.20664696656456208,-1.4132979325506132,1
-1.063632046956621,-0.22910893527456708,0.20067916706822006,-0.03513400797265045,-0.7220945822096303,1.7154756533696023,-0.51424929028104,-0.6843887362085855,2.349875644176539,-0.5891251239779179,-0.7086717253265118,0
-1.063632046956621,-1.6303259017364116,-1.077176937089582,-0.6970336224574086,-0.351143542980044,-0.2902108036513763,-0.6091806990730781,0.3101431049760671,0.09590855233174325,-0.5891251239779179,-0.5073499518339113,1
0.9401747557920129,0.07115184325297103,-0.15183286166496673,-0.20060891159383998,-0.3923603251166646,0.6690305453586567,-0.704112107865116,-0.4357557759124224,1.1738928136488196,-0.7803642026845957,-1.5139588192969133,1
-1.063632046956621,0.9719341788355853,-0.4162168832148567,-0.8956035068028361,2.080646603080576,-0.46461832165320066,-0.893974925449192,2.4235232674934526,-1.3740699858279062,-0.9716032813912735,2.5124766505550946,2
-1.063632046956621,1.1721080311872774,2.1945753295903083,2.1987771909134084,0.061024278386162756,-0.20300704465046446,0.8147904328074921,-1.9275535376894013,0.19390712154238662,0.5583093482621494,2.029304394172854,2
0.9401747557920129,-0.12902200909872102,-0.19589686525661493,-0.6970336224574086,-1.1754791857124576,-1.423859670663234,-1.178769151825306,-0.6843887362085855,-0.8840771397746897,-1.1628423600979514,-0.5073499518339113,0
-1.063632046956621,-1.0298043446813354,-0.944984926314637,-0.9948884489755497,-0.18627641443356116,0.14580799135318434,-0.704112107865116,-0.18712281561625907,0.5859013983849597,-0.7803642026845957,-0.9099934988191122,1
0.9401747557920129,0.5715864741322012,0.6677576051396928,0.163435876372777,1.6684787817143694,-0.9006371166577612,1.0995846591836065,-0.6843887362085855,-1.1780728474066195,2.422890365652259,2.8144593107939953,2
0.9401747557920129,1.0720211050114312,0.46506318861811047,-1.0941733911482636,0.6792760104354729,1.1050493403632173,0.8147904328074921,-1.9275535376894013,0.4879028291743164,1.132026584382183,1.103224236106892,2
0.9401747557920129,0.5715864741322012,-0.15183286166496673,-0.2667988730423158,-0.351143542980044,-0.8134333576568491,0.9097218415995302,0.8074090255683933,-1.6680656934598361,0.749548426968827,-0.5073499518339113,1
-1.063632046956621,-0.5293697138021052,-0.5484088939898019,-0.8625085260785982,-1.134262403575837,0.581826786357745,-0.51424929028104,-0.4357557759124224,0.9778956752275328,-0.5891251239779179,-1.1113152723117126,0
-1.063632046956621,-1.4301520493847195,-0.5484088939898019,-0.9948884489755497,-0.5984442357997679,-0.639025839655025,2.143830155896024,-1.6789205773932383,1.761884228912679,-0.015407887857884262,-0.9099934988191122,0
0.9401747557920129,1.0720211050114312,0.11255115988492366,-0.002039027248412537,1.7921291281242309,1.2794568583650416,0.8147904328074921,-0.4357557759124224,1.2718913828594625,0.5583093482621494,-0.10470640484871052,2
-1.063632046956621,-0.028935082922875006,-0.8127929155396921,-0.7963185646301223,-0.351143542980044,0.9306418223613929,-0.13452365511288805,-1.0573381766528303,-1.129073562801298,-0.3978860452712399,-1.1113152723117126,1
0.9401747557920129,-0.5293697138021052,-0.5924728975814503,0.1965308570970149,-0.7633113643462508,-0.7262295986559368,-0.51424929028104,-0.18712281561625907,-0.4920828629321166,-0.5891251239779179,-0.5073499518339113,0
0.9401747557920129,0.5715864741322012,-0.19589686525661493,-0.49846373811198114,2.2042969494904376,1.0178455813623055,1.3843788855597203,-1.181654656800912,1.0758942444381763,1.132026584382183,-0.1852351142457504,2
0.9401747557920129,1.0720211050114312,0.5531911958014072,0.4943856836151561,2.245513731627059,-0.46461832165320066,-0.13452365511288805,-1.181654656800912,0.09590855233174325,-0.20664696656456208,0.9019024626142915,2
0.9401747557920129,0.07115184325297103,0.15661516347657187,0.9577154137544868,-0.5984442357997679,-1.1622483936604975,-0.22945506390492595,1.0560419858645567,-1.570067124249193,-0.3978860452712399,-1.1113152723117126,0
-1.063632046956621,0.5715864741322012,-1.4737529694144174,-1.4582181791148805,-0.0626260680236992,0.23301175035409613,-1.368631969409382,1.8019408667530457,0.09590855233174325,0.17583119084879376,0.09661536864388989,2
0.9401747557920129,-0.22910893527456708,1.0819592389011872,0.5605756450636319,-1.0518288393025956,-0.20300704465046446,0.24520198005526392,-0.6843887362085855,-0.10008858608954352,-0.015407887857884262,-0.5073499518339113,0
0.9401747557920129,0.5715864741322012,-0.4338424846515161,-1.259648294769453,-0.02140928588707867,1.3841013691661364,1.3843788855597203,-0.36116588782357345,1.0758942444381763,2.422890365652259,0.16305155389644768,2
-1.063632046956621,0.07115184325297103,-0.5043448903981536,-0.3991787959392674,2.5340312065834025,-0.11580328564955188,-0.03959224632084996,-0.4357557759124224,-0.0020900168789001333,-0.20664696656456208,0.4992589156290907,2
0.9401747557920129,-0.3291958614504131,-1.3856249622311207,-0.46536875738774325,-0.5984442357997679,-0.7262295986559368,-0.704112107865116,-0.9330216965047486,-0.10008858608954352,-0.7803642026845957,-1.1113152723117126,0
0.9401747557920129,-1.9305866802639495,2.1945753295903083,2.1987771909134084,0.51440888188899,0.4074192683559205,-0.893974925449192,1.5533079064568829,1.5658870904913922,-0.015407887857884262,-1.1113152723117126,2
-1.063632046956621,-1.6303259017364116,0.06848715629327506,-0.20060891159383998,-0.7633113643462508,-0.2902108036513763,-0.51424929028104,0.06151014467990376,-0.1980871553001869,-0.7803642026845957,-0.5073499518339113,0
0.9401747557920129,0.07115184325297103,-0.7246649083563953,-0.2998938537665537,-0.351143542980044,-0.46461832165320066,0.055339162471188134,0.55877606527223,-0.59008143214276,-0.20664696656456208,-0.3060281783413109,1
0.9401747557920129,0.5715864741322012,-0.019640850890021728,0.06415093420006328,1.7096955638509899,0.581826786357745,-0.13452365511288805,0.3101431049760671,0.5859013983849597,-0.20664696656456208,0.9019024626142915,2
0.9401747557920129,0.5715864741322012,-1.077176937089582,-0.9617934682513118,1.9982130388073343,-0.5518220806541129,-1.368631969409382,0.3101431049760671,-0.1980871553001869,-1.5453205175113072,0.7005806891216911,2
0.9401747557920129,0.5715864741322012,-0.19589686525661493,-0.43227377666350536,-0.02140928588707867,-0.9878408756586735,-0.324386472696964,0.06151014467990376,-0.9820757089853331,-1.1628423600979514,0.2979371421364903,2
0.9401747557920129,0.4714995479563551,2.1945753295903083,1.917469854757386,1.297527742484783,-0.11580328564955188,-0.704112107865116,0.55877606527223,-1.4720685550385495,1.8969828992088942,2.109833103569894,2
-1.063632046956621,1.5724557358906615,-0.06370485448166993,0.9577154137544868,0.061024278386162756,-0.9878408756586735,-0.41931788148900195,-1.181654656800912,-0.4920828629321166,-0.5891251239779179,-0.10470640484871052,2
0.9401747557920129,0.6716734003080472,2.1945753295903083,2.1987771909134084,0.8853599211185763,0.058604232352271746,-0.03959224632084996,0.06151014467990376,-0.0020900168789001333,-0.20664696656456208,1.707189556584693,2
0.9401747557920129,0.07115184325297103,-0.37215287962320853,-0.2998938537665537,-0.30992676084342347,-0.46461832165320066,0.340133388847302,-0.4357557759124224,-0.6880800013534032,-0.5891251239779179,-0.5073499518339113,1
0.9401747557920129,-0.6294566399779512,-0.4602808868065053,-0.7963185646301223,-1.0518288393025956,0.14580799135318434,-0.13452365511288805,0.55877606527223,0.09590855233174325,-0.3978860452712399,-1.1113152723117126,0
0.9401747557920129,0.4714995479563551,-0.944984926314637,-0.928698487527074,-0.351143542980044,-1.423859670663234,-0.7990435166571541,-0.4357557759124224,-1.0800742781959765,-0.9716032813912735,1.103224236106892,2
0.9401747557920129,-0.5293697138021052,0.7294472101680004,-0.13441895014536417,-0.8045281464828713,0.3202155093550087,0.719859024015454,2.050573827049209,-0.6880800013534032,0.36707026955547134,-1.1113152723117126,0
-1.063632046956621,-0.6294566399779512,-1.3415609586394723,-0.43227377666350536,-0.47479388938990597,0.14580799135318434,2.143830155896024,-0.6843887362085855,-0.7860785705640465,2.422890365652259,-0.3060281783413109,1
-1.063632046956621,-1.4301520493847195,-0.6806009047647469,-0.2337038923180779,-0.6396610179363889,-0.20300704465046446,-0.704112107865116,-0.9330216965047486,-1.1780728474066195,-0.015407887857884262,-0.5073499518339113,0
-1.063632046956621,0.5715864741322012,0.24474317065986864,0.6598605872363457,0.1434578426594042,1.7154756533696023,1.2894474767676822,-0.6843887362085855,0.09590855233174325,0.36707026955547134,1.3045460095994923,2
-1.063632046956621,-0.22910893527456708,-0.6365369011730985,-0.6639386417331707,-0.7633113643462508,0.14580799135318434,-0.41931788148900195,-0.4357557759124224,-0.10008858608954352,-0.5891251239779179,-0.9099934988191122,0
-1.063632046956621,0.07115184325297103,-0.3280888760315599,0.031055953475825373,-0.7633113643462508,-0.5518220806541129,-1.2737005606173442,2.4235232674934526,-2.158058539513053,-1.1628423600979514,-0.5073499518339113,0
0.9401747557920129,-1.6303259017364116,-0.8127929155396921,0.26272081854549073,1.1738773960749207,-1.8598784656677947,-0.13452365511288805,-0.9330216965047486,-0.0020900168789001333,2.422890365652259,-1.07709057081797,2
0.9401747557920129,0.07115184325297103,-0.06370485448166993,0.1965308570970149,-0.2687099787068026,-2.2086935016714433,-1.178769151825306,-1.430287617097075,-1.4720685550385495,-1.1628423600979514,-0.3060281783413109,1
0.9401747557920129,0.7717603264838933,1.6547912855926161,1.7188999704119587,-0.22749319657018205,-0.2902108036513763,1.7641045207278723,0.55877606527223,-1.1780728474066195,0.940787505675505,0.4992589156290907,2
0.9401747557920129,1.0720211050114312,-0.06370485448166993,-0.43227377666350536,1.297527742484783,-0.02859952664864007,-0.704112107865116,-0.6843887362085855,0.4879028291743164,-0.7803642026845957,1.3045460095994923,2
-1.063632046956621,1.8727165144181996,0.24474317065986864,0.0972459149243012,0.061024278386162756,0.4074192683559205,-0.324386472696964,-0.9330216965047486,0.9778956752275328,-0.3978860452712399,2.029304394172854,2
-1.063632046956621,-1.6303259017364116,-1.077176937089582,-0.6970336224574086,-0.351143542980044,-0.2902108036513763,-0.6091806990730781,0.3101431049760671,0.09590855233174325,-0.5891251239779179,-1.5139588192969133,1
-1.063632046956621,-1.0298043446813354,0.37693518143481364,-0.03513400797265045,-1.1754791857124576,-0.46461832165320066,-1.368631969409382,-0.18712281561625907,0.09590855233174325,-1.3540814388046292,-0.9099934988191122,0
-1.063632046956621,0.4714995479563551,0.5091271922097587,1.2555702402726279,-0.5160106715265269,-0.20300704465046446,-0.03959224632084996,0.3101431049760671,-0.2960857245108299,-0.20664696656456208,-1.312637045804313,0
-1.063632046956621,0.07115184325297103,-1.3856249622311207,-0.5977486802846949,-1.1754791857124576,-0.8134333576568491,-0.704112107865116,-0.6843887362085855,-0.39408429372147324,-0.7803642026845957,-0.5073499518339113,0
-1.063632046956621,-0.5293697138021052,-0.37215287962320853,-0.6308436610089327,-1.1754791857124576,0.9306418223613929,-0.6091806990730781,0.55877606527223,1.0758942444381763,-0.7803642026845957,-0.9099934988191122,0
0.9401747557920129,0.8718472526597393,-0.5043448903981536,-0.43227377666350536,0.43197531761574903,0.3202155093550087,-0.03959224632084996,0.06151014467990376,-1.0800742781959765,0.17583119084879376,1.707189556584693,2
0.9401747557920129,-0.6294566399779512,-1.2093689478645273,-0.928698487527074,-0.7633113643462508,0.23301175035409613,-0.13452365511288805,-0.18712281561625907,0.4879028291743164,-0.3978860452712399,-1.1113152723117126,0
0.9401747557920129,0.07115184325297103,1.9632393107341544,2.1987771909134084,-0.5984442357997679,-0.639025839655025,2.143830155896024,-1.6789205773932383,1.761884228912679,0.5583093482621494,-0.9099934988191122,0
0.9401747557920129,-1.3300651232088734,-0.8127929155396921,0.06415093420006328,-1.0930456214392161,0.3202155093550087,0.4350647976393401,-0.6843887362085855,-0.59008143214276,-0.5891251239779179,-1.312637045804313,0
-1.063632046956621,0.07115184325297103,0.11255115988492366,-0.5315587188362191,-0.9693952750293542,-1.1622483936604975,-1.178769151825306,0.06151014467990376,-0.7860785705640465,-1.3540814388046292,-0.7086717253265118,0
-1.063632046956621,-0.42928278762625915,-0.19589686525661493,-1.2265533140452152,-0.8457449286194922,-0.639025839655025,-1.2737005606173442,0.3101431049760671,-0.2960857245108299,-1.3540814388046292,-0.5073499518339113,0
0.9401747557920129,0.9719341788355853,-0.19589686525661493,-0.33298883449079164,-1.134262403575837,1.541068135367778,-1.368631969409382,-0.18712281561625907,2.349875644176539,0.17583119084879376,-0.5073499518339113,0
-1.063632046956621,0.5715864741322012,-0.10776885807331812,-0.1675139308696021,-1.2991295321223195,1.3666606173659535,-0.41931788148900195,0.55877606527223,1.4678885212807493,-0.5891251239779179,1.5058677830920928,2
-1.063632046956621,-0.7295435661537972,-0.06370485448166993,0.163435876372777,-0.9693952750293542,1.4538643763668662,-0.9889063342412301,-0.18712281561625907,2.0558799365446085,-1.1628423600979514,-0.5073499518339113,0
0.9401747557920129,0.07115184325297103,-0.06370485448166993,0.1965308570970149,-0.2687099787068026,-2.2086935016714433,-1.178769151825306,-1.430287617097075,-1.4720685550385495,-1.1628423600979514,-0.5073499518339113,1
-1.063632046956621,0.6716734003080472,-0.5043448903981536,-0.9948884489755497,0.3495417533425076,1.3666606173659535,0.24520198005526392,1.0560419858645567,1.0758942444381763,-0.015407887857884262,-0.10470640484871052,2
-1.063632046956621,-0.42928278762625915,-1.2534329514561757,-1.4582181791148805,-1.1754791857124576,-1.423859670663234,-0.9889063342412301,-0.4357557759124224,-0.9820757089853331,-1.1628423600979514,-1.1113152723117126,0
-1.063632046956621,-1.6303259017364116,-0.8127929155396921,-0.49846373811198114,-1.1754791857124576,-0.46461832165320066,-0.893974925449192,-0.6843887362085855,0.19390712154238662,-0.015407887857884262,-1.1113152723117126,0
-1.063632046956621,0.07115184325297103,-0.8127929155396921,0.06415093420006328,-0.8045281464828713,-0.7262295986559368,-1.0838377430332682,0.06151014467990376,0.19390712154238662,-0.7803642026845957,-0.5073499518339113,0
-1.063632046956621,-0.22910893527456708,-0.8127929155396921,-0.49846373811198114,-0.5984442357997679,-0.37741456265228884,-1.2737005606173442,1.3046749461607194,0.2919056907530296,-0.5891251239779179,-1.312637045804313,0
0.9401747557920129,0.3714126217805091,0.33287117784316544,-0.03513400797265045,1.2563109603481626,0.581826786357745,-0.22945506390492595,-0.6843887362085855,1.0758942444381763,-0.7803642026845957,1.3045460095994923,2
-1.063632046956621,-0.12902200909872102,1.037895235309539,0.46129070289091817,-0.5984442357997679,-1.1622483936604975,-0.22945506390492595,1.0560419858645567,-1.570067124249193,-0.3978860452712399,-0.7086717253265118,0
0.9401747557920129,0.7717603264838933,0.5531911958014072,0.22962583782125282,0.18467462479602473,1.3666606173659535,2.143830155896024,0.06151014467990376,1.1738928136488196,1.7057438205022162,0.7207128664709515,2
-1.063632046956621,0.4714995479563551,-0.5924728975814503,-1.1934583333209772,1.6272619995777489,-0.9878408756586735,-1.178769151825306,0.55877606527223,-0.8840771397746897,0.940787505675505,0.09661536864388989,2
0.9401747557920129,1.7726295882423535,1.170087246084484,1.0239053752029625,0.10224106052278328,-1.5982671886650581,-0.9889063342412301,-0.9330216965047486,-1.0800742781959765,-0.9716032813912735,0.6260916329294288,2
0.9401747557920129,0.8718472526597393,2.1945753295903083,2.1987771909134084,0.9265767032551968,1.802679412370514,0.8147904328074921,-0.18712281561625907,1.761884228912679,0.5583093482621494,1.3045460095994923,2
-1.063632046956621,-0.5293697138021052,-0.5043448903981536,-1.1934583333209772,-1.0518288393025956,0.6690305453586567,-0.22945506390492595,-0.6843887362085855,1.0758942444381763,-0.20664696656456208,-0.3060281783413109,2
-1.063632046956621,0.8718472526597393,-0.8127929155396921,-1.259648294769453,1.379961306758024,1.541068135367778,0.340133388847302,1.8019408667530457,-1.717064978065158,0.17583119084879376,0.09661536864388989,2
-1.063632046956621,-0.8296304923296433,-1.3856249622311207,-0.9617934682513118,-1.1754791857124576,-0.9878408756586735,-0.7990435166571541,1.3046749461607194,-1.3740699858279062,-0.9716032813912735,-1.1113152723117126,0
-1.063632046956621,-0.028935082922875006,-1.297496955047824,-1.325838256217929,-1.134262403575837,0.4074192683559205,-0.704112107865116,0.06151014467990376,0.7818985368062461,-0.7803642026845957,-0.5073499518339113,0
0.9401747557920129,-1.9305866802639495,2.1945753295903083,2.1987771909134084,-0.351143542980044,0.3202155093550087,-0.41931788148900195,1.3046749461607194,-0.0020900168789001333,-0.5891251239779179,-1.1113152723117126,1
0.9401747557920129,-0.9297174185054893,2.1945753295903083,2.1987771909134084,-0.5984442357997679,-1.2494521526614097,-0.41931788148900195,-0.18712281561625907,-1.1780728474066195,-0.5891251239779179,-0.5073499518339113,0
-1.063632046956621,0.7717603264838933,-0.2840248724399117,-0.002039027248412537,0.8853599211185763,-0.02859952664864007,1.953967338311948,-1.181654656800912,-0.1980871553001869,1.7057438205022162,2.3111548770624943,2
-1.063632046956621,1.8727165144181996,-0.4162168832148567,-0.8956035068028361,2.080646603080576,-0.46461832165320066,-0.893974925449192,2.4235232674934526,-1.3740699858279062,-0.9716032813912735,0.7005806891216911,2
0.9401747557920129,1.9728034405940456,2.1945753295903083,2.1987771909134084,0.3495417533425076,0.3202155093550087,-0.13452365511288805,0.06151014467990376,0.4879028291743164,-0.5891251239779179,2.109833103569894,2
-1.063632046956621,0.5715864741322012,-0.3280888760315599,-1.0941733911482636,1.9982130388073343,0.4074192683559205,1.3843788855597203,0.8074090255683933,-0.39408429372147324,0.940787505675505,0.4992589156290907,2
0.9401747557920129,0.5715864741322012,2.1945753295903083,2.1987771909134084,1.1738773960749207,-0.2902108036513763,1.6691731119358342,1.0560419858645567,0.4879028291743164,-0.3978860452712399,1.103224236106892,2
0.9401747557920129,-1.9305866802639495,0.15661516347657187,0.36200576071820445,-0.5160106715265269,-0.5518220806541129,-0.41931788148900195,-0.6843887362085855,0.7818985368062461,-0.3978860452712399,-0.40668906508761116,0
0.9401747557920129,0.5715864741322012,0.11255115988492366,0.5605756450636319,1.1738773960749207,0.581826786357745,-0.22945506390492595,0.3101431049760671,0.6838999675956031,-0.3978860452712399,0.7005806891216911,2
-1.063632046956621,0.17123876942881705,-1.165304944272879,-1.0941733911482636,1.1326606139383002,-1.3366559116623218,-1.2737005606173442,0.3101431049760671,-1.1780728474066195,-1.3540814388046292,-0.10470640484871052,2
0.9401747557920129,-1.5302389755605654,-0.5484088939898019,0.4281957221666803,-0.351143542980044,1.4538643763668662,1.7641045207278723,-0.9330216965047486,1.2718913828594625,1.5145047417955386,-0.7086717253265118,1
-1.063632046956621,-0.5293697138021052,0.9497672281262423,2.1160397391028134,-1.0518288393025956,0.581826786357745,-0.13452365511288805,2.4235232674934526,0.4879028291743164,-0.5891251239779179,-1.1113152723117126,0
-1.063632046956621,-1.9305866802639495,-0.944984926314637,-0.7632235839058844,-1.134262403575837,0.3202155093550087,-0.704112107865116,0.06151014467990376,0.6838999675956031,-0.9716032813912735,-0.9099934988191122,0
-1.063632046956621,-0.7295435661537972,-1.3415609586394723,-0.7632235839058844,-0.8045281464828713,-1.3366559116623218,-0.893974925449192,-0.18712281561625907,-1.0800742781959765,0.749548426968827,-1.1113152723117126,0
0.9401747557920129,0.5715864741322012,-0.2135224666932743,0.06415093420006328,0.26710818906926614,2.4131057253768993,-0.41931788148900195,0.06151014467990376,2.888867774835078,2.422890365652259,1.9306567251614795,2
0.9401747557920129,-0.028935082922875006,-0.7246649083563953,-0.2998938537665537,-0.351143542980044,-0.46461832165320066,0.055339162471188134,0.55877606527223,-0.59008143214276,-0.20664696656456208,-0.5073499518339113,1
-1.063632046956621,-1.9305866802639495,-0.6806009047647469,-0.2337038923180779,-0.5984442357997679,1.7154756533696023,-0.22945506390492595,0.8074090255683933,1.6638856597020362,-0.3978860452712399,-0.5073499518339113,0
0.9401747557920129,-0.9297174185054893,-0.7687289119480437,-0.13441895014536417,-0.47479388938990597,1.7154756533696023,1.6691731119358342,-0.4357557759124224,1.369889952070106,1.3232656630888606,0.9019024626142915,1
-1.063632046956621,-0.028935082922875006,-1.2534329514561757,-0.5315587188362191,-0.7633113643462508,-1.2494521526614097,-0.704112107865116,-0.4357557759124224,-0.0020900168789001333,-0.5891251239779179,-0.9099934988191122,0
-1.063632046956621,0.6716734003080472,-1.4296889658227692,-1.590598102011832,1.9982130388073343,0.8434380633604811,2.143830155896024,-0.6843887362085855,-1.1780728474066195,0.36707026955547134,1.3045460095994923,2
-1.063632046956621,1.1721080311872774,2.1945753295903083,1.4210451438938174,0.5556256640256106,-0.639025839655025,0.9097218415995302,-0.6843887362085855,-0.7860785705640465,0.5583093482621494,2.5124766505550946,2
0.9401747557920129,0.7717603264838933,-0.15183286166496673,0.1303408956485391,0.18467462479602473,-0.02859952664864007,-0.41931788148900195,2.2992067873453723,-0.59008143214276,-0.5891251239779179,1.5058677830920928,2
-1.063632046956621,0.5715864741322012,0.6413192029847037,2.1987771909134084,0.061024278386162756,-0.46461832165320066,0.24520198005526392,-0.4357557759124224,-0.4920828629321166,-0.015407887857884262,1.3045460095994923,2
0.9401747557920129,-0.8296304923296433,0.33287117784316544,-0.20060891159383998,-0.3923603251166646,0.14580799135318434,2.143830155896024,-0.6843887362085855,-0.7860785705640465,2.422890365652259,-1.1113152723117126,1
-1.063632046956621,-1.8304997540881036,-0.3280888760315599,-0.43227377666350536,-1.0930456214392161,-0.8134333576568491,-1.2737005606173442,1.3046749461607194,-0.8840771397746897,-1.3540814388046292,-0.7086717253265118,0
0.9401747557920129,0.5715864741322012,0.8616392209429454,0.1303408956485391,2.2042969494904376,2.064290689373251,2.143830155896024,0.3101431049760671,-1.0800742781959765,-0.015407887857884262,-0.10470640484871052,2
-1.063632046956621,0.7717603264838933,-0.4602808868065053,0.06415093420006328,1.0090102675284387,0.6690305453586567,1.1945160679756441,-0.4357557759124224,-1.0800742781959765,0.5583093482621494,0.4992589156290907,2
-1.063632046956621,-0.5293697138021052,-0.3280888760315599,-0.3991787959392674,-1.0930456214392161,-0.9878408756586735,-0.704112107865116,0.3101431049760671,-0.9820757089853331,-0.7803642026845957,-1.1113152723117126,0
-1.063632046956621,0.17123876942881705,-1.165304944272879,-0.7632235839058844,0.22589140693264562,0.581826786357745,2.143830155896024,-0.4357557759124224,-1.5210678396438713,2.2794610566222504,0.4992589156290907,2
-1.063632046956621,-1.6303259017364116,-1.4737529694144174,-1.2265533140452152,0.22589140693264562,-0.7262295986559368,-0.7990435166571541,1.0560419858645567,-0.9820757089853331,-0.9716032813912735,1.0025633493605917,2
0.9401747557920129,0.3714126217805091,2.1945753295903083,2.1987771909134084,1.7096955638509899,1.19225309936413,2.143830155896024,-0.4357557759124224,0.4879028291743164,2.422890365652259,1.3045460095994923,2
0.9401747557920129,0.07115184325297103,0.28880717425151686,-0.2337038923180779,-1.1754791857124576,-2.2086935016714433,-0.7990435166571541,0.3101431049760671,0.4879028291743164,-0.3978860452712399,-1.1113152723117126,0
0.9401747557920129,0.4714995479563551,2.0954313215091,2.1987771909134084,0.8029263568453352,0.581826786357745,-0.41931788148900195,-0.4357557759124224,0.9778956752275328,-0.5891251239779179,0.09661536864388989,2
0.9401747557920129,-1.6303259017364116,-1.3856249622311207,-0.46536875738774325,-0.5984442357997679,-0.7262295986559368,-0.704112107865116,-0.9330216965047486,-0.10008858608954352,-0.7803642026845957,-0.9099934988191122,0
-1.063632046956621,0.07115184325297103,-0.7246649083563953,-0.9617934682513118,-1.1754791857124576,-0.46461832165320066,-0.51424929028104,0.06151014467990376,-0.2960857245108299,-0.5891251239779179,-0.5073499518339113,0
0.9401747557920129,-0.8296304923296433,-0.4162168832148567,1.0239053752029625,-1.1754791857124576,-1.5110634296641463,0.8147904328074921,-0.9330216965047486,1.2718913828594625,0.5583093482621494,-0.9099934988191122,0
0.9401747557920129,-0.5293697138021052,-0.9009209227229887,-0.6308436610089327,-1.1754791857124576,0.3202155093550087,-0.324386472696964,0.55877606527223,0.2919056907530296,-0.3978860452712399,-0.5073499518339113,0
-1.063632046956621,0.9719341788355853,-0.19589686525661493,-0.33298883449079164,-1.134262403575837,-0.02859952664864007,-0.22945506390492595,1.5533079064568829,-0.6880800013534032,0.5583093482621494,-0.8093326120728119,0
0.9401747557920129,1.4723688097148155,1.610727282000968,1.2555702402726279,0.5556256640256106,-0.639025839655025,0.9097218415995302,-0.6843887362085855,-0.7860785705640465,0.5583093482621494,0.7005806891216911,2
-1.063632046956621,-0.12902200909872102,-1.0331129334979339,-0.43227377666350536,-0.7633113643462508,-0.8134333576568491,-1.368631969409382,2.2992067873453723,-1.276071416617263,-1.5453205175113072,-0.6080108385802115,0
0.9401747557920129,0.7717603264838933,-0.2399608688482635,2.1987771909134084,-0.02140928588707867,-0.46461832165320066,2.143830155896024,2.4235232674934526,0.9778956752275328,0.17583119084879376,2.109833103569894,2
-1.063632046956621,-0.42928278762625915,-0.2399608688482635,-0.46536875738774325,-0.7220945822096303,-0.2902108036513763,-0.324386472696964,0.06151014467990376,-0.2960857245108299,-0.3978860452712399,-0.7086717253265118,0
-1.063632046956621,-0.9297174185054893,-1.3415609586394723,-0.5315587188362191,-0.3923603251166646,-2.121489742670531,0.24520198005526392,-0.6843887362085855,0.2919056907530296,0.36707026955547134,0.7005806891216911,1
0.9401747557920129,-0.22910893527456708,-0.5043448903981536,-0.7632235839058844,-1.0930456214392161,-0.46461832165320066,-0.704112107865116,-0.6843887362085855,0.09590855233174325,-0.015407887857884262,-0.7086717253265118,0
0.9401747557920129,0.5715864741322012,2.1945753295903083,2.1987771909134084,0.10224106052278328,-0.37741456265228884,-0.13452365511288805,0.3101431049760671,-0.4920828629321166,-0.20664696656456208,0.09661536864388989,2
-1.063632046956621,1.9728034405940456,2.1945753295903083,2.1987771909134084,1.5036116531678865,0.6690305453586567,1.6691731119358342,0.55877606527223,-0.1980871553001869,1.3232656630888606,1.103224236106892,2
-1.063632046956621,-1.6303259017364116,-1.077176937089582,-0.6970336224574086,-0.7633113643462508,-0.2902108036513763,-0.6091806990730781,0.3101431049760671,0.09590855233174325,-0.5891251239779179,-0.5073499518339113,0
0.9401747557920129,-0.028935082922875006,-0.5924728975814503,-0.2667988730423158,-0.7633113643462508,0.14580799135318434,-0.22945506390492595,-1.181654656800912,0.7818985368062461,-0.3978860452712399,-0.5073499518339113,0
-1.063632046956621,-0.028935082922875006,2.1945753295903083,2.1987771909134084,-0.7220945822096303,-2.47030477867418,-0.13452365511288805,0.3101431049760671,0.2919056907530296,-0.3978860452712399,-0.5073499518339113,0
0.9401747557920129,0.07115184325297103,-0.19589686525661493,-0.49846373811198114,-0.30992676084342347,-0.2902108036513763,0.15027057126322624,-0.9330216965047486,-0.0020900168789001333,-0.20664696656456208,-0.3060281783413109,1
-1.063632046956621,-0.028935082922875006,-0.5924728975814503,-0.43227377666350536,-1.1754791857124576,-0.11580328564955188,-1.0838377430332682,-0.4357557759124224,-1.1780728474066195,-1.1628423600979514,-0.7086717253265118,0
-1.063632046956621,-0.6294566399779512,-0.5043448903981536,-0.46536875738774325,-1.0518288393025956,-0.37741456265228884,-0.893974925449192,0.06151014467990376,-0.10008858608954352,0.5583093482621494,-0.40668906508761116,0
0.9401747557920129,0.5715864741322012,-0.06370485448166993,0.26272081854549073,1.379961306758024,0.9306418223613929,2.143830155896024,-0.9330216965047486,0.38990425996367295,2.422890365652259,1.4857356057428324,2
0.9401747557920129,1.8727165144181996,0.9938312317178908,0.9908103944787248,2.4928144244467827,2.4131057253768997,2.143830155896024,-0.18712281561625907,2.888867774835078,2.0882219779155724,0.4992589156290907,2
0.9401747557920129,0.2713256956046631,2.1945753295903083,-1.3920282176664047,0.5968424461622318,1.9770869303723386,1.5742417031437965,-0.6843887362085855,-0.7860785705640465,1.132026584382183,0.4992589156290907,2
0.9401747557920129,0.5715864741322012,-0.019640850890021728,-0.2337038923180779,1.5036116531678865,0.058604232352271746,-0.51424929028104,-0.9330216965047486,-0.39408429372147324,-0.7803642026845957,0.7005806891216911,2
-1.063632046956621,0.5715864741322012,-1.3415609586394723,-1.4913131598391185,1.281041029630135,-0.37741456265228884,2.0488987471039866,0.06151014467990376,-1.0800742781959765,0.5583093482621494,0.4992589156290907,2
-1.063632046956621,0.9719341788355853,-0.19589686525661493,-0.43227377666350536,0.061024278386162756,-0.9878408756586735,-0.22945506390492595,-0.18712281561625907,-0.6880800013534032,-0.3978860452712399,-0.10470640484871052,2
0.9401747557920129,1.2721949573631235,0.5091271922097587,0.46129070289091817,-0.0626260680236992,0.6690305453586567,-0.03959224632084996,-0.4357557759124224,0.9778956752275328,-0.20664696656456208,0.7207128664709515,2
0.9401747557920129,1.0720211050114312,-1.077176937089582,-1.0941733911482636,0.8853599211185763,-0.11580328564955188,-0.03959224632084996,-1.430287617097075,0.4879028291743164,-0.20664696656456208,0.09661536864388989,2
0.9401747557920129,2.3731511452974297,0.42099918502646183,0.4943856836151561,2.1218633852171966,0.4074192683559205,1.1945160679756441,0.3101431049760671,-0.10008858608954352,0.940787505675505,1.3045460095994923,2
-1.063632046956621,-0.028935082922875006,-1.297496955047824,-1.4913131598391185,-1.1754791857124576,1.802679412370514,1.6691731119358342,-0.4357557759124224,1.5658870904913922,1.3232656630888606,-0.7086717253265118,2
0.9401747557920129,-0.028935082922875006,0.24474317065986864,0.1965308570970149,-0.8869617107561127,0.581826786357745,-0.893974925449192,-0.6843887362085855,-1.0800742781959765,-0.5891251239779179,-1.1113152723117126,0
-1.063632046956621,1.0720211050114312,-0.15183286166496673,-0.7963185646301223,0.47319209975236953,-0.9006371166577612,-0.22945506390492595,0.55877606527223,-1.0800742781959765,-0.3978860452712399,0.09661536864388989,2
-1.063632046956621,-1.4301520493847195,-0.8127929155396921,-0.7963185646301223,-0.7633113643462508,-0.37741456265228884,-0.13452365511288805,2.4235232674934526,-1.1780728474066195,-0.5891251239779179,-0.7086717253265118,0
0.9401747557920129,2.3731511452974297,-0.06370485448166993,1.2555702402726279,-0.5984442357997679,-2.47030477867418,0.719859024015454,-0.9330216965047486,-0.6880800013534032,-0.5891251239779179,-1.5139588192969133,0
-1.063632046956621,-1.3300651232088734,1.037895235309539,0.46129070289091817,0.43197531761574903,0.8434380633604811,0.4350647976393401,-1.181654656800912,1.5658870904913922,-0.7803642026845957,-0.5073499518339113,2
0.9401747557920129,0.5715864741322012,0.024423152701626864,-0.03513400797265045,0.26710818906926614,1.19225309936413,-0.03959224632084996,-0.9330216965047486,1.6638856597020362,-0.20664696656456208,0.4992589156290907,2
0.9401747557920129,0.8718472526597393,0.024423152701626864,-0.1675139308696021,0.26710818906926614,-0.8134333576568491,2.143830155896024,-0.6843887362085855,-0.0020900168789001333,-0.20664696656456208,0.7005806891216911,2
-1.063632046956621,0.6716734003080472,-1.2534329514561757,-1.5244081405633563,1.379961306758024,1.1050493403632173,-0.03959224632084996,-0.18712281561625907,-0.6880800013534032,-0.20664696656456208,0.09661536864388989,2
-1.063632046956621,-1.9305866802639495,0.24474317065986864,-0.49846373811198114,-0.351143542980044,0.7562343043595693,-0.324386472696964,0.55877606527223,0.7818985368062461,-0.5891251239779179,-0.9099934988191122,1
0.9401747557920129,0.3714126217805091,1.037895235309539,2.1987771909134084,1.9569962566707138,2.4131057253768997,-0.51424929028104,0.55877606527223,-0.39408429372147324,2.422890365652259,0.09661536864388989,2
-1.063632046956621,0.9719341788355853,0.37693518143481364,-1.325838256217929,2.5340312065834025,1.3666606173659535,2.143830155896024,0.06151014467990376,-1.1780728474066195,1.8969828992088942,0.4992589156290907,2
0.9401747557920129,0.4714995479563551,0.5091271922097587,0.6267656065121077,0.5556256640256106,-1.947082224668707,-1.2737005606173442,-0.9330216965047486,-1.276071416617263,-1.3540814388046292,0.4992589156290907,2
-1.063632046956621,-0.028935082922875006,-0.2399608688482635,-0.2667988730423158,-0.30992676084342347,0.23301175035409613,-0.6091806990730781,-1.181654656800912,1.369889952070106,1.3232656630888606,-0.3060281783413109,1
0.9401747557920129,-0.9297174185054893,0.8616392209429454,0.1965308570970149,0.26710818906926614,-0.11580328564955188,-0.6091806990730781,0.3101431049760671,-0.0020900168789001333,2.422890365652259,0.3583336741842706,2
0.9401747557920129,0.4714995479563551,-0.06370485448166993,0.6598605872363457,-0.02140928588707867,1.8898831713714268,1.5742417031437965,-0.6843887362085855,0.38990425996367295,1.3232656630888606,1.103224236106892,2
0.9401747557920129,0.6716734003080472,-0.2399608688482635,-0.43227377666350536,1.6272619995777489,-0.9878408756586735,-0.03959224632084996,-1.181654656800912,-0.4920828629321166,-0.3978860452712399,1.3045460095994923,2
0.9401747557920129,-0.22910893527456708,-0.4602808868065053,0.6267656065121077,-0.2687099787068026,-0.7262295986559368,-0.22945506390492595,-0.4357557759124224,-0.4920828629321166,-0.3978860452712399,-0.7086717253265118,1
-1.063632046956621,-1.0298043446813354,-0.944984926314637,-0.7301286031816465,-0.18627641443356116,0.14580799135318434,-0.704112107865116,-0.18712281561625907,0.5859013983849597,-0.7803642026845957,-0.5073499518339113,1
-1.063632046956621,-1.4301520493847195,-0.06370485448166993,0.36200576071820445,0.18467462479602473,1.4538643763668662,-0.03959224632084996,0.55877606527223,-1.570067124249193,0.5583093482621494,0.09661536864388989,2
-1.063632046956621,0.3714126217805091,2.1945753295903083,0.4943856836151561,1.6684787817143694,2.3259019663759872,1.2894474767676822,1.5533079064568829,1.5658870904913922,-0.015407887857884262,1.707189556584693,2
-1.063632046956621,0.9719341788355853,-0.9009209227229887,-0.06822898869688836,2.0394298209439556,-1.2494521526614097,0.15027057126322624,2.4235232674934526,0.2919056907530296,-0.015407887857884262,0.9019024626142915,2
-1.063632046956621,-1.1298912708571813,-1.3856249622311207,-1.590598102011832,-0.7220945822096303,-1.3366559116623218,-0.7990435166571541,-1.430287617097075,-0.4920828629321166,-0.9716032813912735,-1.1113152723117126,0
0.9401747557920129,0.7717603264838933,-1.7822009945559556,-1.3589332369421667,2.245513731627059,-1.2494521526614097,-0.41931788148900195,1.3046749461607194,-1.5210678396438713,0.940787505675505,2.109833103569894,2
0.9401747557920129,1.0720211050114312,2.1945753295903083,2.1987771909134084,0.8853599211185763,-1.947082224668707,-0.893974925449192,-0.6843887362085855,-1.570067124249193,-0.9716032813912735,1.3045460095994923,2
0.9401747557920129,1.0720211050114312,0.5531911958014072,0.4943856836151561,2.245513731627059,-0.46461832165320066,-0.13452365511288805,-1.181654656800912,0.09590855233174325,-0.20664696656456208,0.4992589156290907,2
0.9401747557920129,0.7717603264838933,0.9938312317178908,-0.8294135453543603,0.8853599211185763,-0.5518220806541129,-0.6091806990730781,-1.181654656800912,0.09590855233174325,-0.7803642026845957,-0.10470640484871052,2
-1.063632046956621,0.07115184325297103,0.5091271922097587,0.6598605872363457,-1.1754791857124576,-0.02859952664864007,-0.7990435166571541,1.5533079064568829,1.5658870904913922,0.36707026955547134,-0.9099934988191122,0
-1.063632046956621,-1.4301520493847195,1.7429192927759125,1.5203300860665312,0.1434578426594042,0.9306418223613929,-0.6091806990730781,0.55877606527223,1.0758942444381763,-0.7803642026845957,-1.312637045804313,2
0.9401747557920129,0.4714995479563551,-0.5043448903981536,0.26272081854549073,0.9677934853918174,1.0178455813623055,2.0488987471039866,-0.6843887362085855,0.6838999675956031,1.7057438205022162,0.7005806891216911,2
0.9401747557920129,0.5715864741322012,-0.8568569191313403,-0.3991787959392674,0.47319209975236953,-0.46461832165320066,0.5299962064313782,0.06151014467990376,-0.7860785705640465,1.3232656630888606,0.7005806891216911,2
0.9401747557920129,0.2713256956046631,1.170087246084484,2.1987771909134084,0.3495417533425076,-0.9006371166577612,-0.704112107865116,-0.4357557759124224,-0.8840771397746897,0.749548426968827,1.3045460095994923,2
0.9401747557920129,0.5715864741322012,-0.2399608688482635,-0.46536875738774325,-0.02140928588707867,0.3202155093550087,0.15027057126322624,-1.181654656800912,0.7818985368062461,-0.015407887857884262,0.09661536864388989,2
0.9401747557920129,-1.8304997540881036,-0.7687289119480437,-0.43227377666350536,-0.47479388938990597,0.3202155093550087,-0.41931788148900195,-0.4357557759124224,0.6838999675956031,-0.5891251239779179,-0.5073499518339113,1
-1.063632046956621,0.07115184325297103,-0.19589686525661493,-0.7301286031816465,-0.8045281464828713,-0.2902108036513763,-1.0838377430332682,2.4235232674934526,-1.0800742781959765,-0.9716032813912735,-0.5073499518339113,0
-1.063632046956621,1.3722818835389694,1.2141512496761326,0.39510074144244234,0.47319209975236953,0.14580799135318434,-0.51424929028104,1.8019408667530457,-0.59008143214276,0.940787505675505,1.3045460095994923,2
-1.063632046956621,-0.8296304923296433,-0.7687289119480437,-0.6639386417331707,-1.1754791857124576,-0.11580328564955188,-0.41931788148900195,-0.9330216965047486,0.4879028291743164,-0.5891251239779179,-0.7086717253265118,0
0.9401747557920129,1.5724557358906615,-0.06370485448166993,0.9577154137544868,0.061024278386162756,-0.20300704465046446,2.143830155896024,0.55877606527223,-0.9820757089853331,1.8969828992088942,0.09661536864388989,2
-1.063632046956621,0.4714995479563551,-0.37215287962320853,-0.7963185646301223,0.3083249712058867,0.7562343043595693,-0.03959224632084996,-0.4357557759124224,0.9778956752275328,-0.20664696656456208,0.7005806891216911,2
0.9401747557920129,0.07115184325297103,0.15661516347657187,0.1965308570970149,-0.7633113643462508,-0.8134333576568491,-0.893974925449192,-0.4357557759124224,-0.39408429372147324,-0.9716032813912735,-1.1113152723117126,0
0.9401747557920129,-2.3309343849673336,1.037895235309539,0.36200576071820445,0.8029263568453352,-0.9006371166577612,-0.03959224632084996,2.050573827049209,-1.570067124249193,-0.9716032813912735,0.2979371421364903,2
0.9401747557920129,1.3722818835389694,0.6413192029847037,1.2555702402726279,-1.0518288393025956,0.23301175035409613,-0.324386472696964,-0.18712281561625907,0.4879028291743164,-0.5891251239779179,-1.312637045804313,0
-1.063632046956621,1.9728034405940456,0.42099918502646183,-0.6308436610089327,0.5556256640256106,2.4131057253768997,2.143830155896024,0.3101431049760671,2.2518770749658956,2.2794610566222504,1.5058677830920928,2
0.9401747557920129,-1.1298912708571813,0.42099918502646183,0.4943856836151561,-0.5984442357997679,-0.02859952664864007,-0.324386472696964,-0.6843887362085855,0.2919056907530296,-0.3978860452712399,-0.3865568877383508,0
0.9401747557920129,0.3714126217805091,0.024423152701626864,-0.2998938537665537,0.3907585354791281,0.3202155093550087,0.055339162471188134,-0.6843887362085855,0.6838999675956031,-0.20664696656456208,1.3045460095994923,2
-1.063632046956621,-0.12902200909872102,0.20067916706822006,0.36200576071820445,-0.22749319657018205,-0.2902108036513763,-0.7990435166571541,2.4235232674934526,0.19390712154238662,0.749548426968827,0.09661536864388989,1
0.9401747557920129,0.5715864741322012,-0.8568569191313403,-0.6308436610089327,-0.0626260680236992,0.058604232352271746,-0.7990435166571541,0.3101431049760671,0.2919056907530296,-0.9716032813912735,0.7408450438202111,2
