Gender,AGE,Urea,Cr,HbA1c,Chol,TG,HDL,LDL,VLDL,BMI,Class Aktual,Class Prediksi
-1.063632046956621,-0.028935082922875,-1.3415609586394723,-0.9948884489755496,-0.7633113643462508,-0.2902108036513763,-1.178769151825306,-0.6843887362085855,0.4879028291743164,-1.1628423600979514,-1.1113152723117126,0,0
0.9401747557920128,0.071151843252971,-1.1212409406812305,1.255570240272628,-1.1754791857124576,1.541068135367778,2.143830155896024,-0.4357557759124224,1.0758942444381765,1.3232656630888606,-0.5073499518339113,2,0
-1.063632046956621,-1.0298043446813354,-0.8568569191313403,-0.4322737766635053,-0.7633113643462508,0.0586042323522717,-0.704112107865116,-0.4357557759124224,0.4879028291743164,-0.7803642026845957,-1.1113152723117126,0,0
0.9401747557920128,-0.6294566399779512,-0.3280888760315599,-0.2667988730423158,-0.227493196570182,-0.2030070446504644,-0.2294550639049259,1.0560419858645569,-0.59008143214276,-0.3978860452712399,0.4992589156290907,1,1
0.9401747557920128,-1.9305866802639493,-0.1518328616649667,0.3951007414424423,-0.5572274536631474,0.8434380633604811,-0.2294550639049259,0.0615101446799037,0.9778956752275328,-0.3978860452712399,-1.5139588192969131,0,0
0.9401747557920128,-0.7295435661537972,0.1125511598849236,-0.4984637381119811,-0.4335771072532854,1.19225309936413,1.5742417031437963,0.3101431049760671,0.5859013983849597,1.3232656630888606,-0.7086717253265118,1,1
0.9401747557920128,-1.6303259017364116,0.8616392209429454,-0.7301286031816465,-0.8045281464828713,0.3202155093550087,-0.98890633424123,-0.9330216965047486,-0.4920828629321166,-1.1628423600979514,-1.1113152723117126,0,0
0.9401747557920128,0.071151843252971,-0.5043448903981536,-1.325838256217929,-0.6396610179363889,0.2330117503540961,-0.98890633424123,-0.6843887362085855,1.0758942444381765,-1.1628423600979514,-0.7086717253265118,0,0
-1.063632046956621,0.5715864741322012,2.1945753295903083,2.1987771909134084,-0.227493196570182,-0.2030070446504644,0.8147904328074921,-1.9275535376894013,0.1939071215423866,0.5583093482621494,0.2979371421364903,2,1
0.9401747557920128,-0.028935082922875,-0.9009209227229888,0.2296258378212528,-0.351143542980044,-0.8134333576568491,0.340133388847302,1.8019408667530457,-1.3740699858279062,-0.7803642026845957,-0.5073499518339113,1,1
-1.063632046956621,0.7717603264838933,-0.2399608688482635,0.9577154137544868,-2.453199431947698,-1.1622483936604977,-0.704112107865116,-0.6843887362085855,0.4879028291743164,0.1758311908487937,-0.9099934988191122,0,0
0.9401747557920128,0.2713256956046631,-0.3280888760315599,-0.2337038923180779,0.8853599211185763,1.19225309936413,1.3843788855597203,-1.181654656800912,1.0758942444381765,1.132026584382183,0.2979371421364903,2,2
0.9401747557920128,1.4723688097148155,1.610727282000968,1.255570240272628,0.6792760104354729,1.19225309936413,0.0553391624711881,0.0615101446799037,1.467888521280749,0.3670702695554713,1.103224236106892,2,2
-1.063632046956621,-1.4301520493847195,-1.033112933497934,-0.5977486802846949,-0.7633113643462508,0.1458079913531843,0.4350647976393401,0.3101431049760671,-0.1000885860895435,0.1758311908487937,-1.312637045804313,0,0
0.9401747557920128,0.6716734003080472,0.5091271922097587,0.6267656065121077,2.2867305137636795,0.4074192683559205,0.2452019800552639,-0.9330216965047486,0.6838999675956031,-0.0154078878578842,-0.1047064048487105,2,2
-1.063632046956621,1.1721080311872774,-0.944984926314637,-0.928698487527074,2.2867305137636795,0.1458079913531843,-0.51424929028104,-0.6843887362085855,-1.4720685550385495,-0.5891251239779179,1.3045460095994923,2,2
-1.063632046956621,-0.5293697138021052,-0.944984926314637,-0.9617934682513118,-0.5572274536631474,2.4131057253769,-0.324386472696964,0.3101431049760671,-0.0020900168789001,-0.7803642026845957,-1.1113152723117126,0,0
0.9401747557920128,1.0720211050114312,1.037895235309539,0.0641509342000632,-2.453199431947698,-0.9878408756586736,2.143830155896024,-0.187122815616259,1.0758942444381765,-0.3978860452712399,-0.5073499518339113,0,0
0.9401747557920128,1.3722818835389694,-0.5484088939898019,-0.3329888344907916,-0.1862764144335611,0.2330117503540961,-0.0395922463208499,0.55877606527223,-0.4920828629321166,-0.206646966564562,0.7005806891216911,2,2
0.9401747557920128,0.071151843252971,-0.3721528796232085,-0.2998938537665537,-0.3099267608434234,-0.4646183216532006,0.9097218415995302,-0.4357557759124224,-0.6880800013534032,0.5583093482621494,-0.5073499518339113,1,1
-1.063632046956621,0.071151843252971,0.3328711778431654,-0.4984637381119811,-0.5984442357997679,0.6690305453586567,-1.178769151825306,-0.187122815616259,1.5658870904913922,-1.3540814388046292,-1.1113152723117126,0,0
-1.063632046956621,-0.9297174185054892,0.2888071742515168,1.8181849125846723,-0.9693952750293542,0.0586042323522717,-0.51424929028104,-1.181654656800912,0.4879028291743164,-0.7803642026845957,-0.5073499518339113,0,0
0.9401747557920128,1.0720211050114312,-0.4162168832148567,-0.9617934682513118,0.8029263568453352,-0.02859952664864,0.1502705712632262,-0.187122815616259,-1.0800742781959765,0.1758311908487937,1.5058677830920928,2,2
0.9401747557920128,0.4714995479563551,-0.3721528796232085,0.7260505486848214,2.5340312065834025,2.4131057253769,-0.7990435166571541,1.0560419858645569,-0.1000885860895435,1.8969828992088944,1.9085113300772936,2,2
0.9401747557920128,-1.3300651232088734,-0.5924728975814503,0.0641509342000632,-0.7633113643462508,-0.8134333576568491,-1.2737005606173442,0.3101431049760671,-0.59008143214276,2.422890365652259,-0.9099934988191122,0,0
-1.063632046956621,-0.9297174185054892,0.5091271922097587,0.3620057607182044,-0.8045281464828713,-0.2030070446504644,-1.178769151825306,-0.9330216965047486,-0.6880800013534032,0.3670702695554713,-0.9099934988191122,0,0
-1.063632046956621,0.5715864741322012,-0.9009209227229888,-0.9617934682513118,2.245513731627059,0.6690305453586567,-0.4193178814890019,0.6830925454203116,-0.7860785705640465,-0.5891251239779179,0.2979371421364903,2,2
0.9401747557920128,-1.9305866802639493,0.3769351814348136,0.9577154137544868,-0.4335771072532854,-0.2902108036513763,-0.324386472696964,0.0615101446799037,-0.2960857245108299,-0.3978860452712399,-1.5139588192969131,1,1
-1.063632046956621,-1.830499754088104,-0.5484088939898019,-2.053927832151163,-0.5984442357997679,-0.1158032856495518,-0.2294550639049259,-0.187122815616259,0.0959085523317432,-0.3978860452712399,-0.9099934988191122,0,2
0.9401747557920128,0.4714995479563551,-0.2840248724399117,-0.9948884489755496,1.5860452174411277,0.4074192683559205,2.143830155896024,0.55877606527223,-0.6880800013534032,1.8969828992088944,0.9019024626142916,2,2
-1.063632046956621,0.071151843252971,-0.2840248724399117,-1.1934583333209772,-0.9693952750293542,-0.9878408756586736,-1.2737005606173442,-0.187122815616259,-0.4920828629321166,-1.3540814388046292,-0.9099934988191122,0,0
0.9401747557920128,0.2713256956046631,-0.1077688580733181,-0.0020390272484125,1.379961306758024,1.19225309936413,0.8147904328074921,-0.4357557759124224,1.0758942444381765,0.5583093482621494,2.5124766505550946,2,2
0.9401747557920128,0.5715864741322012,2.1945753295903083,2.1987771909134084,0.4731920997523695,1.8898831713714268,1.5742417031437963,1.3046749461607194,-0.4920828629321166,0.940787505675505,1.3045460095994923,2,2
-1.063632046956621,0.3714126217805091,-0.2840248724399117,-0.0020390272484125,0.0198074962495422,0.7562343043595693,1.6691731119358342,1.8019408667530457,0.4879028291743164,-0.5891251239779179,2.5124766505550946,2,2
0.9401747557920128,0.4714995479563551,-0.6806009047647469,-0.7301286031816465,0.0198074962495422,-0.4646183216532006,2.143830155896024,-0.4357557759124224,-1.276071416617263,1.8969828992088944,1.3045460095994923,2,2
-1.063632046956621,0.4714995479563551,-1.7381369909643074,-1.4251231983906425,0.431975317615749,-2.2086935016714437,-0.134523655112888,-0.6843887362085855,-0.0020900168789001,-0.5891251239779179,1.3045460095994923,2,2
-1.063632046956621,0.2713256956046631,1.2582152532677808,-0.3991787959392674,2.5340312065834025,0.9306418223613928,0.4350647976393401,-0.6843887362085855,1.1738928136488196,0.1758311908487937,-0.1047064048487105,2,2
-1.063632046956621,2.3731511452974297,-0.0637048544816699,1.255570240272628,-0.5984442357997679,-0.5518220806541129,0.0553391624711881,0.0615101446799037,1.6638856597020362,0.1758311908487937,-0.5073499518339113,0,0
-1.063632046956621,-1.4301520493847195,-0.3280888760315599,-1.0279834296997876,-0.4335771072532854,-0.4646183216532006,0.4350647976393401,0.3101431049760671,-0.1980871553001869,1.132026584382183,1.103224236106892,1,2
0.9401747557920128,0.5715864741322012,-0.944984926314637,-1.259648294769453,0.9265767032551968,1.802679412370514,0.8147904328074921,-0.187122815616259,1.761884228912679,0.5583093482621494,0.4992589156290907,2,2
-1.063632046956621,1.1721080311872774,2.1945753295903083,2.1987771909134084,0.0610242783861627,-0.2030070446504644,0.8147904328074921,-1.9275535376894013,0.1939071215423866,0.5583093482621494,0.7005806891216911,2,2
0.9401747557920128,1.0720211050114312,-0.1077688580733181,-1.1603633525967394,1.379961306758024,-0.5518220806541129,-1.368631969409382,0.3101431049760671,-0.1980871553001869,-1.3540814388046292,0.4992589156290907,2,2
-1.063632046956621,0.3714126217805091,-0.1958968652566149,-0.4984637381119811,0.7204927925720934,1.4538643763668662,-0.324386472696964,-0.187122815616259,1.761884228912679,-0.3978860452712399,0.7005806891216911,2,2
0.9401747557920128,0.7717603264838933,-0.2399608688482635,2.1987771909134084,-0.0214092858870786,1.3666606173659537,2.143830155896024,2.4235232674934526,0.9778956752275328,0.1758311908487937,2.109833103569894,2,2
0.9401747557920128,0.071151843252971,-0.1958968652566149,-0.4984637381119811,-0.3099267608434234,-0.2902108036513763,0.1502705712632262,-0.9330216965047486,-0.0020900168789001,-0.206646966564562,-0.5073499518339113,1,1
0.9401747557920128,0.8718472526597393,2.139495325100748,1.4541401246180554,0.8853599211185763,-0.02859952664864,0.8147904328074921,1.8019408667530457,-0.9820757089853333,1.8969828992088944,0.9019024626142916,2,2
0.9401747557920128,-0.028935082922875,-0.0637048544816699,0.1965308570970149,-0.2687099787068026,-2.2086935016714437,-1.178769151825306,-1.430287617097075,-1.4720685550385495,-1.1628423600979514,-0.3060281783413109,1,1
0.9401747557920128,0.171238769428817,-0.2840248724399117,0.6598605872363457,-1.1754791857124576,-0.3774145626522888,-0.51424929028104,-0.6843887362085855,0.1939071215423866,0.1758311908487937,-1.312637045804313,0,0
-1.063632046956621,1.0720211050114312,1.037895235309539,0.0641509342000632,-2.453199431947698,-0.9878408756586736,2.143830155896024,-0.187122815616259,1.0758942444381765,-0.3978860452712399,-0.5073499518339113,0,0
0.9401747557920128,-2.3309343849673336,-0.2840248724399117,-0.2006089115938399,-0.8045281464828713,-0.7262295986559368,-0.6091806990730781,-0.187122815616259,-0.3940842937214732,-0.7803642026845957,-0.7086717253265118,0,0
0.9401747557920128,1.9728034405940456,2.1945753295903083,2.1987771909134084,0.3083249712058867,0.0586042323522717,1.0995846591836065,-1.430287617097075,0.1939071215423866,0.749548426968827,1.3045460095994923,2,2
0.9401747557920128,0.2713256956046631,-0.0196408508900217,0.0641509342000632,0.0610242783861627,2.4131057253769,-0.324386472696964,0.0615101446799037,-0.6880800013534032,-0.7803642026845957,0.7005806891216911,2,2
0.9401747557920128,0.5715864741322012,-0.0196408508900217,0.0972459149243012,1.1738773960749207,-1.1622483936604977,-0.6091806990730781,-0.4357557759124224,0.4879028291743164,1.8969828992088944,1.3045460095994923,2,2
